{
  "train_loss": [
    1.3515168577575685,
    0.9294028057861328,
    0.7965595353317261,
    0.7180258736038208,
    0.6761241826248169,
    0.6360179491806031,
    0.6055149032211303,
    0.5768521076393127,
    0.5531890167045593,
    0.5336357910060883,
    0.5091053244972229,
    0.4960262634849548,
    0.47027203493118286,
    0.4528973570632935,
    0.4328817080402374,
    0.4137539739227295,
    0.3940855060863495,
    0.3711934292793274,
    0.3519218475341797,
    0.3281273627281189,
    0.3053501738452911,
    0.27997623622894285,
    0.25626767397880557,
    0.22938658884048463,
    0.20594415880441666,
    0.1843537962245941,
    0.1671535529947281,
    0.1535739478635788,
    0.14280307897090913,
    0.14035843618392943
  ],
  "train_acc": [
    0.53348,
    0.68102,
    0.72894,
    0.75332,
    0.76896,
    0.78236,
    0.79154,
    0.80398,
    0.81054,
    0.81688,
    0.8256,
    0.82896,
    0.83764,
    0.84294,
    0.85084,
    0.85728,
    0.86498,
    0.87274,
    0.8778,
    0.8872,
    0.89472,
    0.9034,
    0.91134,
    0.92252,
    0.93038,
    0.937,
    0.94296,
    0.94812,
    0.95272,
    0.95344
  ],
  "id_acc": [
    0.7585,
    0.8652,
    0.7681,
    0.8572,
    0.875,
    0.8894,
    0.8839,
    0.829,
    0.8381,
    0.8431,
    0.8327,
    0.8757,
    0.8906,
    0.8608,
    0.8786,
    0.8678,
    0.8772,
    0.8947,
    0.886,
    0.8929,
    0.9155,
    0.9138,
    0.9286,
    0.9292,
    0.9321,
    0.9359,
    0.9363,
    0.9398,
    0.9387,
    0.9381
  ],
  "ood_acc": [
    0.4447,
    0.6162,
    0.562,
    0.6602,
    0.69,
    0.6745,
    0.7109,
    0.6564,
    0.6228,
    0.705,
    0.6681,
    0.7161,
    0.7469,
    0.7021,
    0.7517,
    0.7319,
    0.6884,
    0.7609,
    0.7651,
    0.7728,
    0.7989,
    0.8147,
    0.8233,
    0.8257,
    0.8412,
    0.8491,
    0.8515,
    0.8535,
    0.8562,
    0.8572
  ],
  "lr": [
    0.1,
    0.09972609476841367,
    0.09890738003669028,
    0.09755282581475767,
    0.09567727288213003,
    0.09330127018922194,
    0.09045084971874737,
    0.0871572412738697,
    0.0834565303179429,
    0.07938926261462365,
    0.07499999999999998,
    0.07033683215379001,
    0.06545084971874737,
    0.06039558454088796,
    0.05522642316338268,
    0.05000000000000001,
    0.04477357683661733,
    0.03960441545911203,
    0.03454915028125263,
    0.02966316784621,
    0.025000000000000012,
    0.02061073738537635,
    0.016543469682057107,
    0.012842758726130301,
    0.009549150281252635,
    0.006698729810778067,
    0.004322727117869953,
    0.002447174185242324,
    0.0010926199633097158,
    0.00027390523158633
  ]
}