{
  "train_loss": [
    1.332467014541626,
    0.9220479968261719,
    0.7912095610809327,
    0.7123243467330933,
    0.6632149471855163,
    0.6304980914115905,
    0.6029796971702576,
    0.5715294543552398,
    0.5547696328830719,
    0.5309319121932984,
    0.5049755711555481,
    0.4907605895233154,
    0.47260738871574404,
    0.451470622844696,
    0.43402025897026064,
    0.41858710315704345,
    0.3925685404396057,
    0.3694289260864258,
    0.3510131546497345,
    0.3297655467224121,
    0.3044356515789032,
    0.27843698122024535,
    0.2534811236667633,
    0.22811099068641663,
    0.20656762773513793,
    0.18151345766782762,
    0.16712819761037825,
    0.15393573590278625,
    0.14310601848125457,
    0.14105035605430602
  ],
  "train_acc": [
    0.53772,
    0.68362,
    0.72908,
    0.7552,
    0.77438,
    0.78392,
    0.7934,
    0.80408,
    0.81046,
    0.81872,
    0.82736,
    0.83052,
    0.83882,
    0.844,
    0.8498,
    0.85748,
    0.86418,
    0.87264,
    0.87844,
    0.88558,
    0.89436,
    0.90376,
    0.91172,
    0.92138,
    0.92844,
    0.93796,
    0.94398,
    0.949,
    0.95214,
    0.95284
  ],
  "id_acc": [
    0.7673,
    0.8661,
    0.8165,
    0.8283,
    0.861,
    0.8962,
    0.8756,
    0.8449,
    0.8611,
    0.8553,
    0.8874,
    0.867,
    0.8898,
    0.8805,
    0.8788,
    0.8926,
    0.9237,
    0.9039,
    0.9038,
    0.9074,
    0.9186,
    0.9156,
    0.9263,
    0.9244,
    0.9338,
    0.9332,
    0.9353,
    0.9372,
    0.9374,
    0.9367
  ],
  "ood_acc": [
    0.4766,
    0.6064,
    0.6246,
    0.6547,
    0.6617,
    0.6961,
    0.6949,
    0.6958,
    0.633,
    0.7091,
    0.7159,
    0.7319,
    0.7249,
    0.7259,
    0.7596,
    0.7605,
    0.7709,
    0.7836,
    0.7664,
    0.7983,
    0.8102,
    0.8104,
    0.8233,
    0.8211,
    0.8378,
    0.8383,
    0.8463,
    0.8513,
    0.8533,
    0.8536
  ],
  "lr": [
    0.1,
    0.09972609476841367,
    0.09890738003669028,
    0.09755282581475767,
    0.09567727288213003,
    0.09330127018922194,
    0.09045084971874737,
    0.0871572412738697,
    0.0834565303179429,
    0.07938926261462365,
    0.07499999999999998,
    0.07033683215379001,
    0.06545084971874737,
    0.06039558454088796,
    0.05522642316338268,
    0.05000000000000001,
    0.04477357683661733,
    0.03960441545911203,
    0.03454915028125263,
    0.02966316784621,
    0.025000000000000012,
    0.02061073738537635,
    0.016543469682057107,
    0.012842758726130301,
    0.009549150281252635,
    0.006698729810778067,
    0.004322727117869953,
    0.002447174185242324,
    0.0010926199633097158,
    0.00027390523158633
  ]
}