{
  "train_loss": [
    1.3800106300735473,
    0.940156420879364,
    0.8134769654846191,
    0.7303013770484924,
    0.6758769613265991,
    0.6407401419448853,
    0.601212691192627,
    0.5789939260864257,
    0.554070066280365,
    0.5238147939491272,
    0.5139495466041565,
    0.49001556406974794,
    0.4787685105323792,
    0.45492972171783447,
    0.4352612583065033,
    0.4207616077327728,
    0.39459385239601136,
    0.37653607358932495,
    0.3474010659694672,
    0.3291277462387085,
    0.3025185030555725,
    0.2841327316236496,
    0.25223233492851255,
    0.22997730166912078,
    0.2023292623567581,
    0.18430887464523316,
    0.16409114533424377,
    0.15062923919200896,
    0.14137519735574722,
    0.1376607501935959
  ],
  "train_acc": [
    0.5162,
    0.67866,
    0.72236,
    0.75032,
    0.7691,
    0.78122,
    0.79376,
    0.8011,
    0.811,
    0.82102,
    0.82502,
    0.83296,
    0.83712,
    0.84378,
    0.8501,
    0.85504,
    0.86382,
    0.86858,
    0.88092,
    0.88546,
    0.89464,
    0.90052,
    0.9135,
    0.91968,
    0.93024,
    0.9376,
    0.9444,
    0.94846,
    0.9529,
    0.95376
  ],
  "id_acc": [
    0.729,
    0.8777,
    0.8265,
    0.8612,
    0.8206,
    0.87,
    0.8556,
    0.8899,
    0.879,
    0.8689,
    0.9031,
    0.8253,
    0.9011,
    0.9065,
    0.9003,
    0.8875,
    0.9029,
    0.879,
    0.893,
    0.9053,
    0.9192,
    0.9241,
    0.9229,
    0.9191,
    0.931,
    0.9396,
    0.9356,
    0.9396,
    0.9392,
    0.942
  ],
  "ood_acc": [
    0.4651,
    0.6102,
    0.5559,
    0.6535,
    0.6437,
    0.6822,
    0.6915,
    0.7257,
    0.7138,
    0.722,
    0.7468,
    0.7005,
    0.7145,
    0.7367,
    0.7476,
    0.7521,
    0.7635,
    0.7849,
    0.7722,
    0.7764,
    0.8053,
    0.8126,
    0.8315,
    0.8192,
    0.8407,
    0.8418,
    0.8538,
    0.8544,
    0.8535,
    0.8523
  ],
  "lr": [
    0.1,
    0.09972609476841367,
    0.09890738003669028,
    0.09755282581475767,
    0.09567727288213003,
    0.09330127018922194,
    0.09045084971874737,
    0.0871572412738697,
    0.0834565303179429,
    0.07938926261462365,
    0.07499999999999998,
    0.07033683215379001,
    0.06545084971874737,
    0.06039558454088796,
    0.05522642316338268,
    0.05000000000000001,
    0.04477357683661733,
    0.03960441545911203,
    0.03454915028125263,
    0.02966316784621,
    0.025000000000000012,
    0.02061073738537635,
    0.016543469682057107,
    0.012842758726130301,
    0.009549150281252635,
    0.006698729810778067,
    0.004322727117869953,
    0.002447174185242324,
    0.0010926199633097158,
    0.00027390523158633
  ]
}