{
  "train_loss": [
    0.41923619201660156,
    0.2589285749435425,
    0.2296815514945984,
    0.21710687881946564,
    0.20644250538349151,
    0.20015256570339202,
    0.1919204956150055,
    0.1860164790916443,
    0.1816391443490982,
    0.17847750972270965,
    0.17307520582675934,
    0.1675876085948944,
    0.15958285541057587,
    0.15556564995765687,
    0.15141120835781097,
    0.1442790959262848,
    0.13630061163902282,
    0.13006557806968688,
    0.1264134364295006,
    0.11742281594991684,
    0.11009446331262589,
    0.10237848336219788,
    0.09365619798421859,
    0.08575434767723084,
    0.07864154484987258,
    0.07235530666351318,
    0.06513386160373688,
    0.05931282381415367,
    0.0557550693154335,
    0.05293766902446747
  ],
  "train_acc": [
    0.89334,
    0.94272,
    0.94716,
    0.94926,
    0.94988,
    0.95194,
    0.95338,
    0.95444,
    0.95494,
    0.95662,
    0.95656,
    0.95782,
    0.95884,
    0.95938,
    0.96076,
    0.9628,
    0.96332,
    0.96534,
    0.9657,
    0.96834,
    0.96992,
    0.97194,
    0.97416,
    0.97554,
    0.97768,
    0.97904,
    0.9812,
    0.98366,
    0.98436,
    0.9851
  ],
  "id_acc": [
    0.9422,
    0.9523,
    0.9502,
    0.9518,
    0.9491,
    0.9533,
    0.9506,
    0.9556,
    0.9539,
    0.9562,
    0.9513,
    0.9538,
    0.9592,
    0.9446,
    0.9594,
    0.9557,
    0.963,
    0.9545,
    0.9649,
    0.9634,
    0.9672,
    0.9685,
    0.9679,
    0.9691,
    0.9699,
    0.9715,
    0.9724,
    0.9729,
    0.9718,
    0.9726
  ],
  "ood_acc": [
    0.2284,
    0.2728,
    0.3194,
    0.3137,
    0.3354,
    0.4661,
    0.3992,
    0.4263,
    0.3274,
    0.4566,
    0.4384,
    0.4202,
    0.4884,
    0.4353,
    0.462,
    0.4814,
    0.4986,
    0.4645,
    0.5027,
    0.5295,
    0.5637,
    0.6034,
    0.5742,
    0.6245,
    0.6074,
    0.6487,
    0.6336,
    0.64,
    0.648,
    0.6528
  ],
  "lr": [
    0.1,
    0.09972609476841367,
    0.09890738003669028,
    0.09755282581475767,
    0.09567727288213003,
    0.09330127018922194,
    0.09045084971874737,
    0.0871572412738697,
    0.0834565303179429,
    0.07938926261462365,
    0.07499999999999998,
    0.07033683215379001,
    0.06545084971874737,
    0.06039558454088796,
    0.05522642316338268,
    0.05000000000000001,
    0.04477357683661733,
    0.03960441545911203,
    0.03454915028125263,
    0.02966316784621,
    0.025000000000000012,
    0.02061073738537635,
    0.016543469682057107,
    0.012842758726130301,
    0.009549150281252635,
    0.006698729810778067,
    0.004322727117869953,
    0.002447174185242324,
    0.0010926199633097158,
    0.00027390523158633
  ]
}