{
  "train_loss": [
    0.4174700569820404,
    0.2594764777994156,
    0.22986241975784302,
    0.21638187779903412,
    0.20668546734333038,
    0.20276552728891373,
    0.19313204687595367,
    0.18875417372226716,
    0.18495329154014586,
    0.17869146467208863,
    0.17290331895828248,
    0.1697203069972992,
    0.16118564975261687,
    0.15865696218490602,
    0.1505629559135437,
    0.14536765820503234,
    0.13814957767248154,
    0.1326073962545395,
    0.1267550769162178,
    0.11962157184123993,
    0.11103032232999802,
    0.10336078662395477,
    0.09447645236968995,
    0.08864148627758026,
    0.08107392092227936,
    0.0730310493505001,
    0.0665285873556137,
    0.061697643735408786,
    0.0576826601433754,
    0.05450999300003052
  ],
  "train_acc": [
    0.89386,
    0.94218,
    0.94722,
    0.94938,
    0.9504,
    0.95154,
    0.95346,
    0.9542,
    0.95478,
    0.95568,
    0.95694,
    0.95746,
    0.95906,
    0.95938,
    0.96086,
    0.96178,
    0.96302,
    0.96502,
    0.96638,
    0.96736,
    0.97004,
    0.97166,
    0.9739,
    0.97374,
    0.9776,
    0.97892,
    0.98136,
    0.98214,
    0.98378,
    0.98512
  ],
  "id_acc": [
    0.9443,
    0.9526,
    0.9481,
    0.9541,
    0.9505,
    0.9398,
    0.9586,
    0.9566,
    0.9561,
    0.9548,
    0.9582,
    0.959,
    0.9584,
    0.951,
    0.9581,
    0.9623,
    0.9636,
    0.9572,
    0.9647,
    0.9655,
    0.9662,
    0.9678,
    0.9646,
    0.969,
    0.9714,
    0.9715,
    0.9715,
    0.9726,
    0.9731,
    0.9733
  ],
  "ood_acc": [
    0.239,
    0.2759,
    0.3354,
    0.3318,
    0.3589,
    0.4157,
    0.4156,
    0.4167,
    0.4046,
    0.4614,
    0.4249,
    0.4573,
    0.4702,
    0.408,
    0.4145,
    0.4658,
    0.4664,
    0.5347,
    0.5056,
    0.5439,
    0.5894,
    0.5996,
    0.5803,
    0.6358,
    0.6032,
    0.6405,
    0.6224,
    0.6345,
    0.6454,
    0.6421
  ],
  "lr": [
    0.1,
    0.09972609476841367,
    0.09890738003669028,
    0.09755282581475767,
    0.09567727288213003,
    0.09330127018922194,
    0.09045084971874737,
    0.0871572412738697,
    0.0834565303179429,
    0.07938926261462365,
    0.07499999999999998,
    0.07033683215379001,
    0.06545084971874737,
    0.06039558454088796,
    0.05522642316338268,
    0.05000000000000001,
    0.04477357683661733,
    0.03960441545911203,
    0.03454915028125263,
    0.02966316784621,
    0.025000000000000012,
    0.02061073738537635,
    0.016543469682057107,
    0.012842758726130301,
    0.009549150281252635,
    0.006698729810778067,
    0.004322727117869953,
    0.002447174185242324,
    0.0010926199633097158,
    0.00027390523158633
  ]
}