{
  "train_loss": [
    0.44197517957687377,
    0.253552094745636,
    0.23112910776138307,
    0.21849185176014901,
    0.2101936041736603,
    0.20176145475387572,
    0.19666735612392425,
    0.19035105876922606,
    0.18647813879013062,
    0.1808404487991333,
    0.1745563166284561,
    0.17140028568267823,
    0.16180689899921416,
    0.15805842111110688,
    0.15131604051589967,
    0.1490003973388672,
    0.13905824212551116,
    0.13483788573265076,
    0.12629031504631041,
    0.11893005955696107,
    0.11237803178787231,
    0.10425805070400238,
    0.09789112109780311,
    0.08817971885085106,
    0.08204785002708435,
    0.07455669906139374,
    0.06673525399208069,
    0.06290680512428283,
    0.05955712918758392,
    0.05608321448862553
  ],
  "train_acc": [
    0.88498,
    0.94192,
    0.94732,
    0.94854,
    0.95022,
    0.95196,
    0.95306,
    0.9534,
    0.95446,
    0.95518,
    0.95574,
    0.95648,
    0.95896,
    0.95924,
    0.96032,
    0.96136,
    0.96394,
    0.96384,
    0.9662,
    0.96814,
    0.96876,
    0.97134,
    0.97166,
    0.97524,
    0.97612,
    0.9786,
    0.98106,
    0.98144,
    0.98324,
    0.98474
  ],
  "id_acc": [
    0.9463,
    0.9421,
    0.9545,
    0.9539,
    0.9503,
    0.9455,
    0.9542,
    0.961,
    0.9557,
    0.9506,
    0.9596,
    0.9634,
    0.9543,
    0.9552,
    0.959,
    0.9542,
    0.9517,
    0.9565,
    0.9597,
    0.9557,
    0.9659,
    0.966,
    0.967,
    0.969,
    0.9702,
    0.9705,
    0.9732,
    0.9737,
    0.9735,
    0.9736
  ],
  "ood_acc": [
    0.2559,
    0.278,
    0.285,
    0.2899,
    0.364,
    0.3499,
    0.4231,
    0.4237,
    0.3699,
    0.4394,
    0.3657,
    0.476,
    0.3709,
    0.2946,
    0.5044,
    0.4231,
    0.495,
    0.5134,
    0.6117,
    0.5786,
    0.583,
    0.5728,
    0.6203,
    0.6232,
    0.6115,
    0.6362,
    0.6387,
    0.6381,
    0.6371,
    0.6334
  ],
  "lr": [
    0.1,
    0.09972609476841367,
    0.09890738003669028,
    0.09755282581475767,
    0.09567727288213003,
    0.09330127018922194,
    0.09045084971874737,
    0.0871572412738697,
    0.0834565303179429,
    0.07938926261462365,
    0.07499999999999998,
    0.07033683215379001,
    0.06545084971874737,
    0.06039558454088796,
    0.05522642316338268,
    0.05000000000000001,
    0.04477357683661733,
    0.03960441545911203,
    0.03454915028125263,
    0.02966316784621,
    0.025000000000000012,
    0.02061073738537635,
    0.016543469682057107,
    0.012842758726130301,
    0.009549150281252635,
    0.006698729810778067,
    0.004322727117869953,
    0.002447174185242324,
    0.0010926199633097158,
    0.00027390523158633
  ]
}