{
  "train_loss": [
    0.4414623565673828,
    0.2538495241355896,
    0.23004591773033142,
    0.217146415309906,
    0.2098200720715523,
    0.20154477934360504,
    0.19622965505123138,
    0.18893922743320465,
    0.183635057554245,
    0.1803288438129425,
    0.17379477175712585,
    0.1680365729904175,
    0.16115602175712584,
    0.15772600133419037,
    0.1500065615081787,
    0.14911430594444275,
    0.13895224177360535,
    0.13240547391414642,
    0.12506081434249877,
    0.11854066259384155,
    0.11387625771760941,
    0.10337234860897064,
    0.09597111474514007,
    0.08727725000858307,
    0.08083569271564484,
    0.0726736217546463,
    0.06707299321651458,
    0.06075027475595474,
    0.0579254572057724,
    0.05635510696649551
  ],
  "train_acc": [
    0.88454,
    0.94288,
    0.94822,
    0.9491,
    0.95078,
    0.95184,
    0.95246,
    0.95422,
    0.955,
    0.95578,
    0.9557,
    0.9572,
    0.95912,
    0.96062,
    0.9611,
    0.96068,
    0.96374,
    0.96484,
    0.96654,
    0.96802,
    0.96882,
    0.9717,
    0.9729,
    0.9751,
    0.97698,
    0.9792,
    0.9805,
    0.9827,
    0.98408,
    0.98414
  ],
  "id_acc": [
    0.9371,
    0.9163,
    0.9554,
    0.9492,
    0.9381,
    0.9422,
    0.9532,
    0.9525,
    0.9547,
    0.9518,
    0.9595,
    0.9609,
    0.9533,
    0.9617,
    0.9596,
    0.9527,
    0.9571,
    0.9584,
    0.9583,
    0.9632,
    0.965,
    0.9654,
    0.9657,
    0.9682,
    0.9711,
    0.9732,
    0.9715,
    0.9723,
    0.9729,
    0.9724
  ],
  "ood_acc": [
    0.2766,
    0.2526,
    0.2964,
    0.2997,
    0.3585,
    0.3344,
    0.4508,
    0.417,
    0.36,
    0.3542,
    0.371,
    0.4398,
    0.4261,
    0.3607,
    0.5022,
    0.4263,
    0.5339,
    0.5281,
    0.6048,
    0.6108,
    0.5609,
    0.5987,
    0.643,
    0.6336,
    0.5987,
    0.6411,
    0.6489,
    0.6392,
    0.647,
    0.6418
  ],
  "lr": [
    0.1,
    0.09972609476841367,
    0.09890738003669028,
    0.09755282581475767,
    0.09567727288213003,
    0.09330127018922194,
    0.09045084971874737,
    0.0871572412738697,
    0.0834565303179429,
    0.07938926261462365,
    0.07499999999999998,
    0.07033683215379001,
    0.06545084971874737,
    0.06039558454088796,
    0.05522642316338268,
    0.05000000000000001,
    0.04477357683661733,
    0.03960441545911203,
    0.03454915028125263,
    0.02966316784621,
    0.025000000000000012,
    0.02061073738537635,
    0.016543469682057107,
    0.012842758726130301,
    0.009549150281252635,
    0.006698729810778067,
    0.004322727117869953,
    0.002447174185242324,
    0.0010926199633097158,
    0.00027390523158633
  ]
}