{
  "train_loss": [
    1.385385546684265,
    0.9381131452751159,
    0.8082675492477417,
    0.7259994671440124,
    0.6744770846176148,
    0.639563598690033,
    0.5999257413482666,
    0.580818620300293,
    0.5585889454650879,
    0.5321913366127015,
    0.5130165083312989,
    0.4936752661705017,
    0.47515527640342714,
    0.456391165561676,
    0.44081209596633913,
    0.4151706610584259,
    0.3967142207622528,
    0.37549464798927307,
    0.35029235993385316,
    0.3310451227760315,
    0.30444635181427004,
    0.2822555450248718,
    0.25748990420341494,
    0.23181960728645326,
    0.2071493215036392,
    0.18475223958969117,
    0.16866768160820006,
    0.15357149038314818,
    0.14399910861968995,
    0.13945548274040223
  ],
  "train_acc": [
    0.51278,
    0.67844,
    0.72406,
    0.75104,
    0.76834,
    0.7804,
    0.79434,
    0.80066,
    0.80968,
    0.81828,
    0.82604,
    0.8311,
    0.83802,
    0.8422,
    0.84924,
    0.85626,
    0.8637,
    0.8722,
    0.87818,
    0.88632,
    0.89446,
    0.9023,
    0.91128,
    0.91996,
    0.92842,
    0.93768,
    0.94238,
    0.94836,
    0.95182,
    0.95428
  ],
  "id_acc": [
    0.8111,
    0.8656,
    0.8272,
    0.8415,
    0.8574,
    0.8454,
    0.89,
    0.8725,
    0.8889,
    0.8648,
    0.8968,
    0.8733,
    0.8848,
    0.896,
    0.8921,
    0.8779,
    0.9114,
    0.8831,
    0.9019,
    0.9069,
    0.9154,
    0.9208,
    0.933,
    0.9257,
    0.9344,
    0.9358,
    0.9395,
    0.9402,
    0.9427,
    0.9435
  ],
  "ood_acc": [
    0.5188,
    0.6233,
    0.5493,
    0.6372,
    0.6855,
    0.6322,
    0.6906,
    0.6981,
    0.7111,
    0.7155,
    0.758,
    0.7167,
    0.7404,
    0.7279,
    0.741,
    0.7374,
    0.7693,
    0.7825,
    0.7729,
    0.7694,
    0.8056,
    0.8122,
    0.8246,
    0.8113,
    0.8373,
    0.839,
    0.846,
    0.8489,
    0.8488,
    0.849
  ],
  "lr": [
    0.1,
    0.09972609476841367,
    0.09890738003669028,
    0.09755282581475767,
    0.09567727288213003,
    0.09330127018922194,
    0.09045084971874737,
    0.0871572412738697,
    0.0834565303179429,
    0.07938926261462365,
    0.07499999999999998,
    0.07033683215379001,
    0.06545084971874737,
    0.06039558454088796,
    0.05522642316338268,
    0.05000000000000001,
    0.04477357683661733,
    0.03960441545911203,
    0.03454915028125263,
    0.02966316784621,
    0.025000000000000012,
    0.02061073738537635,
    0.016543469682057107,
    0.012842758726130301,
    0.009549150281252635,
    0.006698729810778067,
    0.004322727117869953,
    0.002447174185242324,
    0.0010926199633097158,
    0.00027390523158633
  ]
}