{
  "srs_results": {
    "A1": {
      "spurious_reliance_score": 0.43274999999999997,
      "id_accuracy": 0.9732,
      "ood_accuracy": 0.6411,
      "ood_drop": 0.33209999999999995,
      "cf_accuracy_drop": 0.49699999999999994,
      "cf_flip_rate": 0.5027,
      "cf_mean_logit_change": 5.119858051657677,
      "id_loss": 0.10182878374829889,
      "ood_loss": 1.11600683965683
    },
    "A2": {
      "spurious_reliance_score": 0.40941000000000005,
      "id_accuracy": 0.9733,
      "ood_accuracy": 0.6421,
      "ood_drop": 0.33120000000000005,
      "cf_accuracy_drop": 0.45840000000000003,
      "cf_flip_rate": 0.4647,
      "cf_mean_logit_change": 4.964966112025082,
      "id_loss": 0.09547644246742129,
      "ood_loss": 1.0884202558517455
    },
    "R1": {
      "spurious_reliance_score": 0.11064000000000002,
      "id_accuracy": 0.9435,
      "ood_accuracy": 0.849,
      "ood_drop": 0.09450000000000003,
      "cf_accuracy_drop": 0.12029999999999996,
      "cf_flip_rate": 0.1225,
      "cf_mean_logit_change": 1.943444226101041,
      "id_loss": 0.1770701398998499,
      "ood_loss": 0.45894600920677187
    },
    "R2": {
      "spurious_reliance_score": 0.10180999999999997,
      "id_accuracy": 0.9398,
      "ood_accuracy": 0.8535,
      "ood_drop": 0.08629999999999993,
      "cf_accuracy_drop": 0.11119999999999997,
      "cf_flip_rate": 0.1131,
      "cf_mean_logit_change": 1.9325758846014738,
      "id_loss": 0.18617209379673005,
      "ood_loss": 0.4508569130897522
    }
  },
  "group_statistics": {
    "spurious_avg_srs": 0.42108,
    "robust_avg_srs": 0.10622499999999999,
    "spurious_avg_ood_drop": 0.33165,
    "robust_avg_ood_drop": 0.09039999999999998,
    "srs_ratio": 3.9640385973170162
  }
}