{
  "A1": {
    "id_acc": 0.9736,
    "ood_acc": 0.6334,
    "ood_drop": 0.34020000000000006,
    "final_train_loss": 0.05608321448862553
  },
  "A2": {
    "id_acc": 0.9726,
    "ood_acc": 0.6528,
    "ood_drop": 0.3198,
    "final_train_loss": 0.05293766902446747
  },
  "R1": {
    "id_acc": 0.942,
    "ood_acc": 0.8523,
    "ood_drop": 0.0897,
    "final_train_loss": 0.1376607501935959
  },
  "R2": {
    "id_acc": 0.9367,
    "ood_acc": 0.8536,
    "ood_drop": 0.08309999999999995,
    "final_train_loss": 0.14105035605430602
  }
}