{
  "A1": {
    "id_acc": 0.9724,
    "ood_acc": 0.6418,
    "ood_drop": 0.3306,
    "final_train_loss": 0.05635510696649551
  },
  "A2": {
    "id_acc": 0.9733,
    "ood_acc": 0.6421,
    "ood_drop": 0.33120000000000005,
    "final_train_loss": 0.05450999300003052
  },
  "R1": {
    "id_acc": 0.9435,
    "ood_acc": 0.849,
    "ood_drop": 0.09450000000000003,
    "final_train_loss": 0.13945548274040223
  },
  "R2": {
    "id_acc": 0.9381,
    "ood_acc": 0.8572,
    "ood_drop": 0.08090000000000008,
    "final_train_loss": 0.14035843618392943
  }
}