{
  "barrier_comparison": {
    "A1-A2": {
      "type": "spurious-spurious",
      "pre_id_loss_barrier": 2.373460685736686,
      "pre_ood_loss_barrier": 1.363236619567871,
      "pre_id_acc_barrier": 0.8412,
      "pre_ood_acc_barrier": 0.5084,
      "post_id_loss_barrier": 1.1276913293220103,
      "post_ood_loss_barrier": 1.0088865842819215,
      "post_id_acc_barrier": 0.3315,
      "post_ood_acc_barrier": 0.3122
    },
    "R1-R2": {
      "type": "robust-robust",
      "pre_id_loss_barrier": 2.3895558830976484,
      "pre_ood_loss_barrier": 2.1162097836494445,
      "pre_id_acc_barrier": 0.8366,
      "pre_ood_acc_barrier": 0.7493,
      "post_id_loss_barrier": 0.6669243087768555,
      "post_ood_loss_barrier": 0.5515218565940856,
      "post_id_acc_barrier": 0.23460000000000003,
      "post_ood_acc_barrier": 0.20579999999999998
    },
    "A1-R1": {
      "type": "spurious-robust",
      "pre_id_loss_barrier": 2.581848657548427,
      "pre_ood_loss_barrier": 1.7113520414352417,
      "pre_id_acc_barrier": 0.7977,
      "pre_ood_acc_barrier": 0.5085,
      "post_id_loss_barrier": 1.8797656862378118,
      "post_ood_loss_barrier": 1.0665544740676882,
      "post_id_acc_barrier": 0.6518,
      "post_ood_acc_barrier": 0.3616
    }
  },
  "srs_interpolation": {
    "pair": "A1-R1",
    "alphas": [
      0.0,
      0.2,
      0.4,
      0.6000000000000001,
      0.8,
      1.0
    ],
    "srs_values": [
      0.10127000000000004,
      0.11219,
      0.058680000000000024,
      0.015079999999999984,
      0.11906999999999998,
      0.42311
    ],
    "semantic_barrier": 0.24711000000000005,
    "semantic_barrier_alpha": 0.6000000000000001
  },
  "A1-A2_pre": {
    "id_losses": [
      0.09909836425110698,
      0.12386137132644653,
      0.2585122677087784,
      0.6250475032806396,
      1.19393198928833,
      1.7499803382873536,
      2.1336992057800295,
      2.3379433853149414,
      2.4306370742797854,
      2.465049187469482,
      2.472559049987793,
      2.4636868797302247,
      2.417796870422363,
      2.2884251655578614,
      2.0250558013916016,
      1.5969475593566895,
      1.041620715713501,
      0.5217318897247314,
      0.2162942993402481,
      0.11411817913502455,
      0.09844947994500398
    ],
    "id_accuracies": [
      0.9729,
      0.9669,
      0.9373,
      0.8214,
      0.6186,
      0.4054,
      0.2824,
      0.2319,
      0.156,
      0.1353,
      0.1317,
      0.1362,
      0.1493,
      0.1733,
      0.2149,
      0.3946,
      0.674,
      0.8775,
      0.9555,
      0.9715,
      0.9737
    ],
    "ood_losses": [
      1.133967652130127,
      1.151737614631653,
      1.2809277782440185,
      1.5102502742767334,
      1.802702543258667,
      2.0872809047698975,
      2.294655781555176,
      2.4104684734344484,
      2.4634275886535644,
      2.4856097347259523,
      2.495440781402588,
      2.497204271697998,
      2.476494436264038,
      2.4001415668487547,
      2.2444576526641846,
      2.0120204483032227,
      1.7442950271606446,
      1.4966753395080565,
      1.2991683616638183,
      1.1632165172576905,
      1.1079099473953247
    ],
    "ood_accuracies": [
      0.64,
      0.6166,
      0.5634,
      0.4925,
      0.405,
      0.3194,
      0.2604,
      0.2171,
      0.1552,
      0.1344,
      0.1297,
      0.1324,
      0.1427,
      0.1675,
      0.2005,
      0.275,
      0.3983,
      0.5011,
      0.5641,
      0.6095,
      0.6381
    ],
    "alphas": [
      0.0,
      0.05,
      0.1,
      0.15000000000000002,
      0.2,
      0.25,
      0.30000000000000004,
      0.35000000000000003,
      0.4,
      0.45,
      0.5,
      0.55,
      0.6000000000000001,
      0.65,
      0.7000000000000001,
      0.75,
      0.8,
      0.8500000000000001,
      0.9,
      0.9500000000000001,
      1.0
    ]
  },
  "A1-A2_post": {
    "id_losses": [
      0.0990481800697744,
      0.10517549866735935,
      0.1294429773569107,
      0.19054703347682952,
      0.3098224723100662,
      0.4902505093574524,
      0.7045735691070557,
      0.9159282405853272,
      1.087579637336731,
      1.1954921300888062,
      1.2267395093917848,
      1.1828059762954712,
      1.0653635318756103,
      0.8892100584030151,
      0.6780035731315612,
      0.46046416187286376,
      0.2780657481908798,
      0.16624265811443328,
      0.11712306512892247,
      0.1005929924696684,
      0.09844947994500398
    ],
    "id_accuracies": [
      0.9729,
      0.9701,
      0.9643,
      0.9482,
      0.9056,
      0.8433,
      0.7818,
      0.7245,
      0.679,
      0.6479,
      0.6414,
      0.6553,
      0.6921,
      0.74,
      0.7949,
      0.8555,
      0.9182,
      0.956,
      0.9686,
      0.9734,
      0.9737
    ],
    "ood_losses": [
      1.0933132915496826,
      1.161154655456543,
      1.2590987146377564,
      1.38203656539917,
      1.5224864131927491,
      1.670103667831421,
      1.8126396589279175,
      1.9380806674957276,
      2.034912473487854,
      2.0956157552719117,
      2.116796531677246,
      2.098022346878052,
      2.04094323425293,
      1.9497455369949341,
      1.82983247756958,
      1.6908263275146485,
      1.5450215343475342,
      1.4034606941223144,
      1.2772513774871825,
      1.1762439899444581,
      1.1079099473953247
    ],
    "ood_accuracies": [
      0.6499,
      0.6209,
      0.5894,
      0.5547,
      0.5148,
      0.4689,
      0.4276,
      0.3812,
      0.3511,
      0.3301,
      0.3259,
      0.3347,
      0.3569,
      0.3907,
      0.4288,
      0.4743,
      0.5165,
      0.5551,
      0.5902,
      0.6175,
      0.6381
    ],
    "alphas": [
      0.0,
      0.05,
      0.1,
      0.15000000000000002,
      0.2,
      0.25,
      0.30000000000000004,
      0.35000000000000003,
      0.4,
      0.45,
      0.5,
      0.55,
      0.6000000000000001,
      0.65,
      0.7000000000000001,
      0.75,
      0.8,
      0.8500000000000001,
      0.9,
      0.9500000000000001,
      1.0
    ]
  },
  "R1-R2_pre": {
    "id_losses": [
      0.19287112953662872,
      0.2256724154472351,
      0.32260584936141967,
      0.53037123670578,
      0.9025893119812012,
      1.4065850233078003,
      1.8955948768615722,
      2.2451094703674315,
      2.4463345539093018,
      2.5448793704986574,
      2.582427012634277,
      2.5792090270996093,
      2.533409659576416,
      2.4136702518463133,
      2.151467129898071,
      1.682735619354248,
      1.0769262363433838,
      0.5829628709793091,
      0.3208310158729553,
      0.21470320224761963,
      0.18189005895853042
    ],
    "id_accuracies": [
      0.9374,
      0.9233,
      0.8948,
      0.8311,
      0.7071,
      0.5046,
      0.2806,
      0.1602,
      0.1246,
      0.1051,
      0.1008,
      0.103,
      0.113,
      0.1407,
      0.2068,
      0.37,
      0.6212,
      0.8092,
      0.8967,
      0.9288,
      0.942
    ],
    "ood_losses": [
      0.4661369299888611,
      0.4837114605903626,
      0.576978174495697,
      0.7680972128868103,
      1.0867916975021363,
      1.5143731090545653,
      1.9454390209197998,
      2.2646550216674806,
      2.452284764099121,
      2.54557392578125,
      2.5823467136383056,
      2.5821540954589843,
      2.5469981681823732,
      2.453119942855835,
      2.2404192687988282,
      1.8433643785476685,
      1.3110634895324706,
      0.8460535086631775,
      0.5748832811355591,
      0.4658276476383209,
      0.45716017208099363
    ],
    "ood_accuracies": [
      0.8533,
      0.837,
      0.8016,
      0.7413,
      0.6387,
      0.4759,
      0.2762,
      0.1609,
      0.1261,
      0.1072,
      0.103,
      0.1056,
      0.1156,
      0.1421,
      0.201,
      0.3278,
      0.5352,
      0.7079,
      0.8007,
      0.84,
      0.8523
    ],